﻿<?xml version="1.0" encoding="utf-8"?>
<UpgradeInfo>
  <Version>1.4.1</Version>
  <VersionDescription>Test</VersionDescription>
  <UpdateType>All</UpdateType>
  <LastUpgradeTime>2013/09/13</LastUpgradeTime>
  <Consts>
    <UpdateSiteUrl>http://citsm.sh.ctriptravel.com/config/ConfigGen/</UpdateSiteUrl>
    <Mandatory>fat,fws,lpt</Mandatory>
    <Targets>dev,test,testl,testp,testu,testx,testy,fws,fat,lpt,uat,prd</Targets>
    <DataCenters>sh,sh2,nt</DataCenters>
    <IISVersions>IIS6,IIS7</IISVersions>
    <DotNetVersions>Net2,Net4</DotNetVersions>
  </Consts>
</UpgradeInfo>